<?xml version="1.0" encoding="utf-8" ?>
<Defs>

  <MemeDef>
    <defName>Necrolatry</defName>
    <label>necrolatry</label>
    <description>Life is temporary, Death is eternal.</description>
    <iconPath>UI/Necro</iconPath>
    <groupDef>Misc</groupDef>
    <impact>3</impact>
	<renderOrder>999</renderOrder>
    <exclusionTags>
		<li>NecrolatryBodypurist</li>
		<li>NecrolatryTranshumanist</li>
		<li>NecrolatryBlindsight</li>
		<li>NecrolatryAltruism</li>
    </exclusionTags>
	<requireOne>
		<li>
			<li>Execution_DontCare</li>
			<li>Execution_RespectedIfGuilty</li>
			<li>Execution_Required</li>
		</li>
		<li>
			<li>Corpses_DontCare</li>
		</li>
		<li>
			<li>Death_Revered</li>
		</li>
    </requireOne>
    <generalRules>
      <rulesStrings>

		<li>memeAdjective->final</li>
        <li>memeConcept->death</li>
		<li>memeConcept->rest</li>

      </rulesStrings>
    </generalRules>
    <descriptionMaker>
      <rules>
        <rulesStrings>
          <!-- theist myth -->
          <li>episode(uses=1,tag=meme_Necrolatry)  ->[deity0_name] Taught us about death and it's gifts.</li>
          <!-- theist founder -->
          <li>intro(tag=meme_Necrolatry)           ->[deity0_name] spoke to [memberNamePlural] [revelationAdverb], teaching them the true meaning of death.</li>
          <li>founderJoin(tag=meme_Necrolatry)     ->A [place_job] named [founderName] was blessed by [deity0_name] and gained miraculous knowledge about the importance of death.</li>
          <!-- ideological founder -->
          <li>story(uses=1,tag=meme_Necrolatry)    ->[founderName] Thaught the masses about death and it's importance.</li>
          <!-- ideological lesson -->
          <li>lesson(tag=meme_Necrolatry)              ->each person's life is surrounded by the deaths of others</li>
          <li>lessonReinforcement(tag=meme_Necrolatry) ->In the end, those that accept death will find peace.</li>
          <!-- archist -->
          <li>archistBasis(tag=meme_Necrolatry)    ->Archotechs stand as the arbiters of life and death.</li>
          <li>archistProphecy(tag=meme_Necrolatry) ->The archotecs will brin death to all the universe, just to create it anew.</li>
          <!-- animist -->
          <li>animistBasis(tag=meme_Necrolatry)    ->Before everything, there was only a pantheon spirits. Once one of them died, it began to give birth to everything else.</li>
          <li>animistFact(tag=meme_Necrolatry)     ->Every spirit dies to nourish and expand our world, and we all should follow their example.</li>
        </rulesStrings>
      </rules>
    </descriptionMaker>
    <symbolPacks>
      <li>
        <ideoName>Sepulchre</ideoName>
        <theme>death</theme>
        <adjective>Dreadful</adjective>
        <member>undertaker</member>
      </li>
    </symbolPacks>
	<agreeableTraits>
	  <li>Bloodlust</li>
	  <li>Psychopath</li>
    </agreeableTraits>
	<disagreeableTraits>
	  <li>Kind</li>
    </disagreeableTraits>
  </MemeDef>
</Defs>