<?xml version="1.0" encoding="utf-8" ?>
<Patch>
  <Operation Class="PatchOperationAdd">
   <xpath>/Defs/FactionDef[defName="TribeCannibal"]/disallowedMemes</xpath>
    <value>
      <li>Altruism</li>
    </value>
  </Operation>
  <Operation Class="PatchOperationAdd">
   <xpath>/Defs/FactionDef[defName="TribeRough"]/disallowedMemes</xpath>
    <value>
      <li MayRequire="Ludeon.RimWorld.Ideology">Altruism</li>
    </value>
  </Operation>
  <Operation Class="PatchOperationAdd">
   <xpath>/Defs/FactionDef[defName="TribeSavage"]/disallowedMemes</xpath>
    <value>
      <li MayRequire="Ludeon.RimWorld.Ideology">Altruism</li>
    </value>
  </Operation>
</Patch>