<?xml version="1.0" encoding="utf-8" ?>
<Defs>

  <IssueDef>
    <defName>Population</defName>
    <label>population</label>
    <iconPath>World/WorldObjects/Expanding/Town</iconPath>
  </IssueDef>
  
  <PreceptDef>
    <defName>PopulationLarge</defName>
    <issue>Population</issue>
    <label>large</label>
    <description>We should be as many as we can.</description>
    <impact>Medium</impact>
    <displayOrderInIssue>40</displayOrderInIssue>
    <displayOrderInImpact>1000</displayOrderInImpact>
    <defaultSelectionWeight>0</defaultSelectionWeight>
    <conflictingMemes>
    </conflictingMemes>
    <associatedMemes>
	  <li>Collectivist</li>
    </associatedMemes>
    <comps>
      <li Class="PreceptComp_SituationalThought">
        <thought>PopulationLarge_PopulationHigh</thought>
        <description>Each colonist in faction</description>
      </li>
	  <li Class="PreceptComp_SituationalThought">
        <thought>PopulationLarge_PopulationLow</thought>
      </li>
    </comps>
  </PreceptDef>
  
  <PreceptDef>
    <defName>PopulationSmall</defName>
    <issue>Population</issue>
    <label>small</label>
    <description>Our community should be composed of only a few.</description>
    <impact>High</impact>
    <displayOrderInIssue>20</displayOrderInIssue>
    <displayOrderInImpact>1000</displayOrderInImpact>
    <defaultSelectionWeight>0</defaultSelectionWeight>
    <conflictingMemes>
    </conflictingMemes>
    <associatedMemes>
	  <li>Individualist</li>
    </associatedMemes>
    <comps>
      <li Class="PreceptComp_SituationalThought">
        <thought>PopulationSmall_PopulationHigh</thought>
        <description>Each colonist in faction</description>
      </li>
	  <li Class="PreceptComp_SituationalThought">
        <thought>PopulationSmall_PopulationLow</thought>
        <description>Each colonist in faction</description>
      </li>
    </comps>
  </PreceptDef>
  
  <PreceptDef>
    <defName>PopulationAny</defName>
    <issue>Population</issue>
    <label>Any</label>
    <description>The ammount of people on our side is of little importance to us.</description>
    <impact>Low</impact>
    <displayOrderInIssue>30</displayOrderInIssue>
    <displayOrderInImpact>1000</displayOrderInImpact>
    <defaultSelectionWeight>20</defaultSelectionWeight>
    <conflictingMemes>
    </conflictingMemes>
    <associatedMemes>
    </associatedMemes>
  </PreceptDef>
  
  
  
  <!--Large Population Thoughts-->
  
  <ThoughtDef>
    <defName>PopulationLarge_PopulationHigh</defName>
    <thoughtClass>MemesAndP.Thought_Situational_Precept_PopulationHigh</thoughtClass>
    <workerClass>MemesAndP.ThoughtWorker_Precept_PopulationHigh</workerClass>
    <stages>
      <li>
        <label>High population</label>
        <description>We're getting bigger! Keep 'em comming</description>
        <baseMoodEffect>1</baseMoodEffect>
      </li>
    </stages>
  </ThoughtDef>
  
  <ThoughtDef>
    <defName>PopulationLarge_PopulationLow</defName>
    <thoughtClass>MemesAndP.Thought_Situational_Precept_PopulationLow</thoughtClass>
    <workerClass>MemesAndP.ThoughtWorker_Precept_PopulationLow</workerClass>
    <stages>
      <li>
        <label>Low population</label>
        <description>This place feels empty. We should get more people on board.</description>
        <baseMoodEffect>-12</baseMoodEffect>
      </li>
    </stages>
  </ThoughtDef>
  
  <!-- Small Population Thoughts-->
  
  <ThoughtDef>
    <defName>PopulationSmall_PopulationHigh</defName>
    <thoughtClass>MemesAndP.Thought_Situational_Precept_PopulationHigh</thoughtClass>
    <workerClass>MemesAndP.ThoughtWorker_Precept_PopulationHigh</workerClass>
    <stages>
      <li>
        <label>High population</label>
        <description>This place is getting cramped.</description>
        <baseMoodEffect>-2</baseMoodEffect>
      </li>
    </stages>
  </ThoughtDef>
  
  <ThoughtDef>
    <defName>PopulationSmall_PopulationLow</defName>
    <thoughtClass>MemesAndP.Thought_Situational_Precept_PopulationLow</thoughtClass>
    <workerClass>MemesAndP.ThoughtWorker_Precept_PopulationLow</workerClass>
    <stages>
      <li>
        <label>Low population</label>
        <description>There isn't many people around. I'm enjoying all the peace and silence.</description>
        <baseMoodEffect>12</baseMoodEffect>
      </li>
    </stages>
  </ThoughtDef>
  
</Defs>